City_ID,City,Country,Date,Lat,Lng,Max Temp,Humidity,Cloudiness,Wind Speed
0,Castro,CL,2020-01-05 00:20:22,-42.48,-73.76,57.2,62,20,5.82
1,Port Alfred,ZA,2020-01-05 00:20:22,-33.59,26.89,71.01,98,88,4.0
2,Rikitea,PF,2020-01-05 00:20:23,-23.12,-134.97,77.09,75,71,16.78
3,Tuktoyaktuk,CA,2020-01-05 00:20:23,69.44,-133.03,-25.6,67,20,9.17
4,Khatanga,RU,2020-01-05 00:20:23,71.98,102.47,-19.14,85,0,9.1
5,Geraldton,CA,2020-01-05 00:20:23,49.72,-86.95,15.8,78,90,8.05
6,Qaanaaq,GL,2020-01-05 00:20:24,77.48,-69.36,-40.36,56,0,6.46
7,Norman Wells,CA,2020-01-05 00:20:24,65.28,-126.83,-18.4,68,75,4.7
8,Northam,AU,2020-01-05 00:20:24,-31.65,116.67,77.0,25,0,17.22
9,Haines Junction,CA,2020-01-05 00:20:24,60.75,-137.51,-13.54,97,99,3.65
10,Palu,ID,2020-01-05 00:20:25,-0.9,119.87,72.19,84,97,0.94
11,Upernavik,GL,2020-01-05 00:20:25,72.79,-56.15,-35.39,96,63,12.17
12,Cap Malheureux,MU,2020-01-05 00:20:25,-19.98,57.61,77.0,94,75,5.82
13,Lar,IR,2020-01-05 00:20:25,27.66,54.32,57.2,93,75,6.93
14,Ushuaia,AR,2020-01-05 00:20:25,-54.81,-68.31,51.8,62,40,6.93
15,Aklavik,CA,2020-01-05 00:20:26,68.22,-135.01,-22.0,67,75,13.98
16,Cape Town,ZA,2020-01-05 00:15:52,-33.93,18.42,69.01,77,75,4.7
17,Broken Hill,AU,2020-01-05 00:20:26,-31.97,141.45,66.2,32,57,27.51
18,Punta Arenas,CL,2020-01-05 00:20:26,-53.16,-70.91,50.0,71,90,5.82
19,Grindavik,IS,2020-01-05 00:20:27,63.84,-22.43,39.2,86,75,29.97
20,Port Lincoln,AU,2020-01-05 00:20:27,-34.72,135.86,59.67,79,100,18.05
21,Mount Gambier,AU,2020-01-05 00:20:27,-37.83,140.78,62.6,51,75,16.11
22,Ancud,CL,2020-01-05 00:20:27,-41.87,-73.83,57.2,62,20,5.82
23,Hambantota,LK,2020-01-05 00:20:27,6.12,81.12,78.55,85,14,16.17
24,Hobart,AU,2020-01-05 00:20:28,-42.88,147.33,64.4,52,20,14.99
25,Lufilufi,WS,2020-01-05 00:20:28,-13.87,-171.6,82.33,73,93,9.26
26,Jamestown,AU,2020-01-05 00:20:28,-33.21,138.6,52.99,55,100,17.29
27,New Norfolk,AU,2020-01-05 00:20:28,-42.78,147.06,64.4,43,20,14.99
28,Talara,PE,2020-01-05 00:20:29,-4.58,-81.27,62.6,100,80,13.87
29,Bredasdorp,ZA,2020-01-05 00:20:29,-34.53,20.04,64.4,72,55,4.7
30,Maniitsoq,GL,2020-01-05 00:20:29,65.42,-52.9,20.5,60,100,2.26
31,Portland,US,2020-01-05 00:17:07,43.66,-70.25,36.0,92,90,10.29
32,Mayumba,GA,2020-01-05 00:20:29,-3.44,10.65,80.4,82,100,5.59
33,Mezhdurechensk,RU,2020-01-05 00:20:30,53.69,88.07,18.16,95,99,4.85
34,Te Anau,NZ,2020-01-05 00:15:41,-45.41,167.72,48.51,77,100,13.87
35,Tasiilaq,GL,2020-01-05 00:20:30,65.61,-37.64,24.8,85,100,4.7
36,Goundam,ML,2020-01-05 00:20:30,16.42,-3.66,58.6,20,27,11.16
37,Sheboygan,US,2020-01-05 00:17:43,43.75,-87.71,28.99,68,90,6.93
38,Port Elizabeth,US,2020-01-05 00:20:31,39.31,-74.98,53.01,87,90,8.05
39,Anloga,GH,2020-01-05 00:20:31,5.79,0.9,73.4,64,57,4.7
40,Caravelas,BR,2020-01-05 00:20:31,-17.73,-39.27,77.13,85,100,10.04
41,Cherskiy,RU,2020-01-05 00:20:31,68.75,161.3,-2.81,58,31,7.05
42,Ponta Do Sol,BR,2020-01-05 00:20:32,-20.63,-46.0,69.84,87,100,0.94
43,Port Hedland,AU,2020-01-05 00:20:32,-20.31,118.58,86.0,48,100,19.46
44,Grand-Santi,GF,2020-01-05 00:20:32,4.27,-54.38,72.16,96,97,2.57
45,Kavieng,PG,2020-01-05 00:20:32,-2.57,150.8,84.65,74,100,9.17
46,Hermanus,ZA,2020-01-05 00:20:32,-34.42,19.24,66.0,89,8,15.55
47,Lucea,JM,2020-01-05 00:20:33,18.44,-78.17,82.4,78,20,5.82
48,Mouila,GA,2020-01-05 00:20:33,-1.86,11.06,72.84,97,96,1.1
49,Ixtapa,MX,2020-01-05 00:20:33,20.71,-105.21,77.0,53,5,5.82
50,East London,ZA,2020-01-05 00:20:33,-33.02,27.91,75.0,93,42,0.85
51,Dauriya,RU,2020-01-05 00:20:33,49.93,116.85,3.47,78,11,1.63
52,Vaini,IN,2020-01-05 00:20:34,15.34,74.49,59.23,74,0,2.8
53,Champerico,MX,2020-01-05 00:20:34,16.38,-93.6,69.8,60,40,13.87
54,Nikolskoye,RU,2020-01-05 00:20:34,59.7,30.79,33.8,69,90,17.9
55,Atuona,PF,2020-01-05 00:20:34,-9.8,-139.03,81.41,68,18,6.38
56,Hilo,US,2020-01-05 00:20:34,19.71,-155.08,80.6,69,75,5.82
57,Lichtenburg,ZA,2020-01-05 00:20:35,-26.15,26.16,70.83,50,63,8.21
58,Puerto Ayora,EC,2020-01-05 00:20:35,-0.74,-90.35,80.6,65,20,16.11
59,Sepatan,ID,2020-01-05 00:20:35,-6.13,106.57,82.99,88,90,5.82
60,Campeche,MX,2020-01-05 00:18:11,19.84,-90.54,73.4,73,40,11.41
61,Avarua,CK,2020-01-05 00:20:36,-21.21,-159.78,80.6,88,0,5.82
62,Chokurdakh,RU,2020-01-05 00:20:36,70.62,147.9,-14.71,99,75,3.09
63,Ornskoldsvik,SE,2020-01-05 00:20:36,63.29,18.72,28.4,62,0,6.93
64,Gunnedah,AU,2020-01-05 00:20:36,-30.98,150.25,96.8,19,0,8.05
65,Vardo,US,2020-01-05 00:20:36,39.62,-77.74,48.2,65,90,16.11
66,Saskylakh,RU,2020-01-05 00:20:37,71.97,114.09,-20.27,96,49,6.51
67,Kodiak,US,2020-01-05 00:20:37,39.95,-94.76,37.99,51,1,9.17
68,Pisco,PE,2020-01-05 00:20:37,-13.71,-76.2,71.6,83,94,20.8
69,Westbrook,US,2020-01-05 00:20:38,43.68,-70.37,36.0,98,90,10.29
70,Satipo,PE,2020-01-05 00:20:38,-11.26,-74.64,63.5,97,100,2.66
71,Wanxian,CN,2020-01-05 00:20:38,30.8,108.39,44.98,86,100,2.8
72,Dingle,PH,2020-01-05 00:20:38,11.0,122.67,75.69,90,10,13.51
73,Bethel,US,2020-01-05 00:20:38,60.79,-161.76,-9.4,76,1,9.17
74,Bubaque,GW,2020-01-05 00:16:34,11.28,-15.83,78.3,56,20,7.36
75,Busselton,AU,2020-01-05 00:20:39,-33.64,115.35,70.0,50,0,5.99
76,Kapaa,US,2020-01-05 00:20:39,22.08,-159.32,80.6,78,90,18.34
77,Goundi,TD,2020-01-05 00:20:39,9.36,17.37,66.13,27,0,4.81
78,Buchanan,LR,2020-01-05 00:20:40,5.88,-10.05,68.0,94,20,1.32
79,Katsuura,JP,2020-01-05 00:20:40,33.93,134.5,46.99,49,40,13.87
80,Albany,US,2020-01-05 00:16:55,42.65,-73.75,37.99,86,90,3.36
81,Mataura,NZ,2020-01-05 00:20:40,-46.19,168.86,57.0,70,99,18.01
82,Grootfontein,NA,2020-01-05 00:20:40,-19.56,18.1,63.63,93,100,16.84
83,Wasilla,US,2020-01-05 00:20:41,61.58,-149.44,3.99,83,90,3.36
84,Nioro,GM,2020-01-05 00:20:41,13.79,-15.05,70.5,11,14,10.54
85,Mugur-Aksy,RU,2020-01-05 00:20:41,50.38,90.44,-0.87,84,72,4.23
86,Auki,NG,2020-01-05 00:20:41,12.18,6.51,62.56,24,72,15.73
87,Ankang,CN,2020-01-05 00:20:41,32.73,108.99,37.87,91,100,1.74
88,Ulladulla,AU,2020-01-05 00:20:42,-35.36,150.48,66.99,77,90,12.75
89,Torbay,CA,2020-01-05 00:20:42,47.66,-52.73,33.01,91,75,12.75
90,Tabou,CI,2020-01-05 00:20:42,4.42,-7.36,72.7,67,7,1.7
91,Los Llanos De Aridane,ES,2020-01-05 00:20:42,28.66,-17.92,62.6,67,40,10.29
92,Dryden,CA,2020-01-05 00:20:43,49.79,-92.84,19.4,79,90,8.05
93,Marquette,US,2020-01-05 00:20:43,46.54,-87.4,30.2,79,90,8.05
94,Unecha,RU,2020-01-05 00:20:43,52.85,32.69,30.65,93,92,9.42
95,Goure,NE,2020-01-05 00:20:43,13.98,10.27,61.0,29,37,11.01
96,Vila Franca Do Campo,PT,2020-01-05 00:20:43,37.72,-25.43,62.6,93,20,11.41
97,Karlovac,HR,2020-01-05 00:20:44,45.49,15.55,37.99,94,100,4.7
98,Zyryanka,RU,2020-01-05 00:20:44,65.73,150.89,3.9,73,9,16.89
99,Mar Del Plata,AR,2020-01-05 00:20:44,-46.43,-67.52,59.31,58,28,12.44
100,Oga,IT,2020-01-05 00:20:44,46.46,10.35,32.0,53,86,13.87
101,Ribeira Grande,PT,2020-01-05 00:20:45,38.52,-28.7,60.87,87,100,18.63
102,Kaitangata,NZ,2020-01-05 00:20:45,-46.28,169.85,53.56,73,99,32.99
103,San Jeronimo,PE,2020-01-05 00:20:45,-13.65,-73.37,51.21,89,100,1.77
104,Mabaruma,GY,2020-01-05 00:20:45,8.2,-59.78,68.95,91,20,2.95
105,Camopi,GF,2020-01-05 00:16:34,3.17,-52.33,72.23,98,90,3.42
106,Provideniya,RU,2020-01-05 00:20:46,64.42,-173.23,-11.9,75,65,10.11
107,Kahului,US,2020-01-05 00:18:58,20.89,-156.47,80.6,69,40,21.92
108,Sawakin,SD,2020-01-05 00:20:46,19.1,37.33,72.16,77,100,20.31
109,Ukiah,US,2020-01-05 00:20:46,39.15,-123.21,57.0,58,1,6.93
110,Inverness,GB,2020-01-05 00:20:46,57.48,-4.23,51.01,87,100,21.92
111,Soyo,AO,2020-01-05 00:20:47,-6.13,12.37,77.5,89,100,3.69
112,Ola,RU,2020-01-05 00:20:47,59.58,151.3,17.13,72,75,15.14
113,Iskilip,TR,2020-01-05 00:20:47,40.73,34.47,29.71,90,22,1.74
114,Rafai,CF,2020-01-05 00:20:48,4.95,23.92,70.43,32,72,3.89
115,Chifeng,CN,2020-01-05 00:20:48,42.27,118.96,14.76,69,0,4.47
116,Cervo,BR,2020-01-05 00:20:48,-22.19,-46.24,65.35,88,90,0.92
117,Doha,QA,2020-01-05 00:20:48,25.29,51.53,69.8,83,44,6.93
118,Batagay,RU,2020-01-05 00:20:48,67.65,134.64,-25.74,91,7,1.36
119,Bambous Virieux,MU,2020-01-05 00:20:49,-20.34,57.76,77.0,94,75,5.82
120,Madison,US,2020-01-05 00:19:35,43.07,-89.38,28.99,73,1,6.04
121,Miandrivazo,MG,2020-01-05 00:20:49,-19.53,45.46,76.26,88,59,3.65
122,Saint-Philippe,CA,2020-01-05 00:20:49,45.36,-73.48,30.99,92,90,6.93
123,Airai,TL,2020-01-05 00:15:51,-8.93,125.41,77.27,65,97,3.8
124,Faya,SA,2020-01-05 00:20:50,18.39,42.45,59.0,87,25,5.82
125,The Pas,CA,2020-01-05 00:20:50,53.82,-101.24,17.6,92,90,14.99
126,Cayenne,GF,2020-01-05 00:20:50,4.94,-52.33,78.8,83,20,6.93
127,Puyang,CN,2020-01-05 00:20:51,35.76,115.02,39.09,52,100,4.74
128,Georgetown,GY,2020-01-05 00:15:57,6.8,-58.16,80.6,74,20,9.17
129,Marawi,PH,2020-01-05 00:20:51,8.0,124.29,77.0,77,4,7.0
130,Cidreira,BR,2020-01-05 00:20:51,-30.17,-50.22,73.18,82,25,18.84
131,Tiznit,MA,2020-01-05 00:20:51,29.7,-9.73,51.39,58,0,0.54
132,Borogontsy,RU,2020-01-05 00:20:52,62.67,131.17,-16.24,96,98,5.57
133,Payo,ID,2020-01-05 00:20:52,-3.75,103.64,69.28,98,98,1.14
134,Dikson,RU,2020-01-05 00:20:52,73.51,80.55,2.8,90,100,24.43
135,Rylsk,RU,2020-01-05 00:20:52,51.57,34.68,29.16,86,69,6.02
136,Amahai,ID,2020-01-05 00:20:53,-3.31,129.0,82.51,77,98,10.0
137,Victoria,BN,2020-01-05 00:20:53,5.28,115.24,82.4,69,75,4.7
138,Azul,AR,2020-01-05 00:20:53,-36.78,-59.86,79.0,54,17,1.99
139,Nuuk,GL,2020-01-05 00:20:53,64.17,-51.74,23.0,79,100,6.93
140,Faanui,PF,2020-01-05 00:20:54,-16.48,-151.75,81.82,76,100,10.78
141,Jalu,LY,2020-01-05 00:16:36,29.03,21.55,48.74,81,0,8.14
142,Tiksi,RU,2020-01-05 00:20:54,71.64,128.87,-15.99,84,85,10.67
143,Sitka,US,2020-01-05 00:20:55,37.17,-99.65,46.0,54,0,5.99
144,Biltine,TD,2020-01-05 00:20:55,14.53,20.93,60.76,24,0,16.62
145,Paamiut,GL,2020-01-05 00:20:55,61.99,-49.67,24.69,81,97,15.57
146,Nuevo Progreso,US,2020-01-05 00:20:56,26.05,-97.95,68.0,31,1,3.36
147,Shimoda,JP,2020-01-05 00:20:56,34.7,138.93,50.0,46,20,16.11
148,Clyde River,CA,2020-01-05 00:20:56,70.47,-68.59,-31.0,73,40,14.99
149,Gavle,SE,2020-01-05 00:20:56,60.67,17.14,30.99,54,0,7.0
150,Tefe,BR,2020-01-05 00:20:57,-3.35,-64.71,84.2,74,48,2.24
151,Tocopilla,CL,2020-01-05 00:20:57,-22.09,-70.2,57.22,45,0,4.5
152,Thompson,CA,2020-01-05 00:20:57,55.74,-97.86,1.4,84,90,5.82
153,Chuy,UY,2020-01-05 00:20:57,-33.69,-53.46,68.31,79,7,11.7
154,Puerto Del Rosario,ES,2020-01-05 00:20:58,28.5,-13.86,62.6,67,75,8.05
155,Bud,NO,2020-01-05 00:20:58,62.91,6.91,39.2,64,98,9.17
156,Tanete,ID,2020-01-05 00:20:58,-3.94,119.78,80.51,80,100,4.09
157,Narsaq,GL,2020-01-05 00:20:58,60.91,-46.05,24.8,79,100,1.12
158,Longyearbyen,NO,2020-01-05 00:20:59,78.22,15.63,6.8,60,20,5.82
159,Arraial Do Cabo,BR,2020-01-05 00:20:59,-22.97,-42.02,73.4,100,75,3.36
160,Umm Kaddadah,SD,2020-01-05 00:20:59,13.6,26.69,57.99,27,0,13.96
161,Chai Nat,TH,2020-01-05 00:20:59,15.18,100.13,71.94,67,24,4.72
162,Yellowknife,CA,2020-01-05 00:20:59,62.45,-114.38,3.2,84,90,12.75
163,Atar,MR,2020-01-05 00:21:00,20.52,-13.05,55.81,23,0,10.85
164,Hobyo,SO,2020-01-05 00:21:00,5.35,48.53,77.04,84,4,12.39
165,Kruisfontein,ZA,2020-01-05 00:21:00,-34.0,24.73,69.28,93,45,13.22
166,Wetaskiwin,CA,2020-01-05 00:21:00,52.97,-113.37,35.01,59,75,11.41
167,Svetlaya,RU,2020-01-05 00:21:00,46.54,138.33,12.15,58,0,11.1
168,Moerai,PF,2020-01-05 00:21:01,-22.43,-151.33,78.76,85,100,7.61
169,Tuatapere,NZ,2020-01-05 00:21:01,-46.13,167.69,57.0,70,100,18.01
170,Beringovskiy,RU,2020-01-05 00:21:01,63.05,179.32,-7.22,72,0,18.23
171,Linden,GY,2020-01-05 00:18:39,6.01,-58.31,73.4,88,100,9.17
172,Antofagasta,CL,2020-01-05 00:21:02,-23.65,-70.4,66.2,77,90,6.93
173,Siemiatycze,PL,2020-01-05 00:21:02,52.43,22.86,32.0,88,100,5.99
174,Carnarvon,ZA,2020-01-05 00:21:02,-30.97,22.13,66.27,28,50,8.28
175,Smithers,CA,2020-01-05 00:16:43,54.78,-127.17,28.4,79,75,8.05
176,Jieshi,CN,2020-01-05 00:21:03,22.82,115.83,64.0,87,98,11.12
177,Yulara,AU,2020-01-05 00:21:03,-25.24,130.99,64.4,88,90,13.87
178,Lompoc,US,2020-01-05 00:16:24,34.64,-120.46,64.0,87,75,14.99
179,Road Town,VG,2020-01-05 00:21:03,18.42,-64.62,78.8,69,20,9.17
180,Dolores,UY,2020-01-05 00:21:04,-33.53,-58.22,77.0,59,0,1.99
181,Nicoya,CR,2020-01-05 00:21:04,10.15,-85.45,84.2,62,34,13.87
182,Butaritari,KI,2020-01-05 00:21:04,3.07,172.79,85.05,77,68,13.04
183,Mahebourg,MU,2020-01-05 00:21:04,-20.41,57.7,77.0,94,75,5.82
184,Kita,JP,2020-01-05 00:21:05,35.76,139.74,48.99,56,20,9.17
185,Saint George,GR,2020-01-05 00:21:05,39.45,22.34,41.0,56,75,0.67
186,Lagoa,PT,2020-01-05 00:21:05,37.14,-8.45,51.01,81,0,6.93
187,Esperance,AU,2020-01-05 00:21:05,-33.86,121.89,68.0,45,0,18.34
188,Qaqortoq,GL,2020-01-05 00:21:05,60.72,-46.03,24.8,79,100,1.12
189,Koutsouras,GR,2020-01-05 00:21:06,35.03,25.95,50.0,62,0,1.99
190,Cam Ranh,VN,2020-01-05 00:21:06,11.92,109.15,77.0,73,40,17.22
191,Mastung,PK,2020-01-05 00:21:06,29.8,66.85,39.09,91,100,3.53
192,Gimli,CA,2020-01-05 00:20:04,50.63,-96.99,26.01,93,100,5.99
193,Uyuni,BO,2020-01-05 00:21:06,-20.46,-66.82,60.13,44,61,16.22
194,Marsh Harbour,BS,2020-01-05 00:21:07,26.54,-77.06,76.87,82,75,16.67
195,Hasaki,JP,2020-01-05 00:21:07,35.73,140.83,39.2,80,20,4.7
196,Myaundzha,RU,2020-01-05 00:21:07,63.05,147.18,-11.38,100,77,0.74
197,Half Moon Bay,US,2020-01-05 00:21:07,37.46,-122.43,59.0,81,1,9.17
198,White Rock,CA,2020-01-05 00:21:08,49.02,-122.8,46.0,75,90,13.87
199,Choix,MX,2020-01-05 00:21:08,26.71,-108.33,74.89,23,0,5.41
200,Valdivia,CL,2020-01-05 00:21:08,-39.81,-73.25,69.8,52,0,6.93
201,Nouakchott,MR,2020-01-05 00:19:00,18.08,-15.98,64.4,17,39,9.17
202,Palmer,AU,2020-01-05 00:20:24,-34.85,139.16,57.99,76,90,11.41
203,Flin Flon,CA,2020-01-05 00:21:09,54.77,-101.88,14.0,85,90,10.29
204,Ust-Tsilma,RU,2020-01-05 00:19:05,65.44,52.15,24.85,83,81,12.06
205,Nanortalik,GL,2020-01-05 00:21:10,60.14,-45.24,31.26,81,100,19.48
206,Tecoanapa,MX,2020-01-05 00:21:10,16.99,-99.26,82.4,78,40,4.7
207,Male,UA,2020-01-05 00:21:10,50.74,33.7,28.53,88,74,3.42
208,Siquijor,PH,2020-01-05 00:21:10,9.21,123.52,82.4,74,75,9.17
209,Pahrump,US,2020-01-05 00:21:11,36.21,-115.98,54.0,40,1,11.41
210,Savage,US,2020-01-05 00:21:11,44.78,-93.34,27.0,86,90,9.17
211,Luderitz,NA,2020-01-05 00:21:11,-26.65,15.16,62.6,83,0,23.15
212,Bluff,AU,2020-01-05 00:21:11,-23.58,149.07,81.41,45,62,8.03
213,Fort Walton Beach,US,2020-01-05 00:18:02,30.41,-86.62,57.2,48,1,12.75
214,Roebourne,AU,2020-01-05 00:21:12,-20.77,117.15,85.14,57,62,22.95
215,Paka,CF,2020-01-05 00:21:12,4.15,15.03,64.56,38,37,1.34
216,Vestmannaeyjar,IS,2020-01-05 00:21:12,63.44,-20.27,44.29,74,96,28.7
217,Polovinnoye,RU,2020-01-05 00:21:12,54.79,65.99,12.31,95,100,11.21
218,Pembroke,CA,2020-01-05 00:21:13,45.82,-77.11,30.2,68,90,6.93
219,West Wendover,US,2020-01-05 00:21:13,40.74,-114.07,46.4,49,1,18.34
220,Qandala,SO,2020-01-05 00:21:13,11.47,49.87,73.74,78,83,3.09
221,Salalah,OM,2020-01-05 00:21:13,17.01,54.1,77.0,69,75,10.29
222,Klyuchi,RU,2020-01-05 00:21:14,52.25,79.17,19.76,86,75,9.78
223,Maraba,BR,2020-01-05 00:21:14,-5.35,-49.1,78.8,100,100,2.24
224,Portsmouth,GB,2020-01-05 00:21:15,50.8,-1.08,45.0,87,84,6.93
225,Iqaluit,CA,2020-01-05 00:21:15,63.75,-68.52,-23.01,67,5,20.8
226,Edd,ER,2020-01-05 00:21:15,13.93,41.69,76.57,63,0,5.12
227,Oliver,CA,2020-01-05 00:21:15,49.18,-119.55,44.6,39,40,4.7
228,Beloha,MG,2020-01-05 00:21:16,-25.17,45.06,72.41,89,6,11.81
229,Bathsheba,BB,2020-01-05 00:21:16,13.22,-59.52,77.0,73,40,8.05
230,Guadalupe Y Calvo,MX,2020-01-05 00:21:16,26.09,-106.96,52.45,46,0,2.57
231,Tampere,FI,2020-01-05 00:21:16,61.5,23.76,30.99,63,75,14.99
232,Sivaki,RU,2020-01-05 00:21:16,52.63,126.75,-14.28,99,43,1.39
233,Ilulissat,GL,2020-01-05 00:21:17,69.22,-51.1,8.6,65,95,2.08
234,Fairbanks,US,2020-01-05 00:16:21,64.84,-147.72,-18.99,74,20,2.21
235,Gore,ET,2020-01-05 00:21:17,8.15,35.53,59.16,93,43,1.95
236,Severo-Kurilsk,RU,2020-01-05 00:21:18,50.68,156.12,19.08,80,100,5.93
237,Navolato,MX,2020-01-05 00:21:18,24.76,-107.7,78.8,50,5,5.82
238,Redcliffe,AU,2020-01-05 00:21:18,-31.94,115.94,80.01,27,0,13.87
239,Zhigansk,RU,2020-01-05 00:21:18,66.77,123.37,-18.53,95,100,10.42
240,Honiara,SB,2020-01-05 00:21:19,-9.43,159.96,89.6,62,20,11.41
241,Presque Isle,US,2020-01-05 00:21:19,46.68,-68.02,32.0,86,90,1.88
242,Paragominas,BR,2020-01-05 00:21:20,-3.0,-47.35,73.29,98,100,3.69
243,Hami,CN,2020-01-05 00:21:20,42.84,93.51,14.77,62,0,0.63
244,Chara,GR,2020-01-05 00:21:20,39.42,22.43,41.0,56,75,0.67
245,Namibe,AO,2020-01-05 00:21:20,-15.19,12.15,74.39,91,99,11.68
246,Hokitika,NZ,2020-01-05 00:21:21,-42.72,170.96,55.6,83,100,17.4
247,Tshikapa,CD,2020-01-05 00:21:21,-6.42,20.79,69.53,96,100,2.01
248,Kamenka,MD,2020-01-05 00:16:38,48.03,28.7,33.01,87,97,4.12
249,Vaitape,PF,2020-01-05 00:21:21,-16.52,-151.75,81.82,76,100,10.78
250,Roquetas De Mar,ES,2020-01-05 00:21:22,36.76,-2.61,53.6,62,90,4.7
251,Izoplit,RU,2020-01-05 00:21:22,56.63,36.21,28.92,89,55,8.9
252,Carroll,AU,2020-01-05 00:21:22,-30.99,150.44,96.8,19,0,8.05
253,Flinders,AU,2020-01-05 00:21:22,-34.58,150.85,75.0,77,90,12.75
254,Bodden Town,KY,2020-01-05 00:21:23,19.28,-81.25,80.6,83,75,5.82
255,Sorland,NO,2020-01-05 00:21:23,67.67,12.69,32.76,60,97,15.19
256,Maceio,BR,2020-01-05 00:21:23,-9.67,-35.74,77.0,83,95,8.05
257,Muscat,OM,2020-01-05 00:21:23,23.6,58.55,77.0,47,0,13.87
258,Tafalla,ES,2020-01-05 00:21:23,42.53,-1.67,44.6,81,1,8.05
259,Codrington,AU,2020-01-05 00:21:24,-28.95,153.24,93.0,29,0,8.05
260,South Valley,US,2020-01-05 00:21:24,35.01,-106.68,48.2,41,1,8.05
261,Okato,NZ,2020-01-05 00:21:24,-39.19,173.88,64.0,59,100,14.0
262,Mount Isa,AU,2020-01-05 00:21:24,-20.73,139.49,95.0,36,94,8.05
263,Fujinomiya,JP,2020-01-05 00:21:25,35.24,138.62,50.0,52,20,13.87
264,Corn Island,NI,2020-01-05 00:21:25,12.17,-83.04,81.84,78,16,20.36
265,San Quintin,PH,2020-01-05 00:21:25,17.54,120.52,73.04,73,43,4.72
266,Sur,OM,2020-01-05 00:21:25,22.57,59.53,68.13,71,0,9.98
267,Chumphon,TH,2020-01-05 00:21:25,10.5,99.18,73.4,100,57,1.83
268,Santa Cruz,BR,2020-01-05 00:21:26,-6.22,-36.02,74.62,79,64,5.95
269,Ust-Maya,RU,2020-01-05 00:21:26,60.42,134.54,-26.97,96,71,2.57
270,Shumskiy,RU,2020-01-05 00:21:26,54.83,99.13,16.38,92,87,2.59
271,Camocim,BR,2020-01-05 00:21:26,-2.9,-40.84,76.77,91,100,0.36
272,Orshanka,RU,2020-01-05 00:21:27,56.92,47.89,27.68,94,100,12.44
273,Cheney,US,2020-01-05 00:21:27,47.49,-117.58,42.8,55,1,12.75
274,Ozernovskiy,RU,2020-01-05 00:21:27,51.5,156.52,25.36,96,100,11.63
275,Garowe,SO,2020-01-05 00:21:27,8.41,48.48,71.51,79,34,11.81
276,Egvekinot,RU,2020-01-05 00:21:28,66.32,-179.17,-12.6,62,0,11.39
277,Sagaing,MM,2020-01-05 00:21:24,21.88,95.98,66.2,93,90,1.79
278,Mountain Home,US,2020-01-05 00:21:28,43.13,-115.69,43.0,56,1,9.17
279,Dakar,SN,2020-01-05 00:17:46,14.69,-17.45,73.4,27,7,11.41
280,Umtata,ZA,2020-01-05 00:21:28,-31.59,28.78,68.0,82,31,5.82
281,Klaksvik,FO,2020-01-05 00:21:29,62.23,-6.59,46.4,100,100,9.17
282,Takoradi,GH,2020-01-05 00:16:30,4.89,-1.75,79.36,58,27,4.94
283,Sisimiut,GL,2020-01-05 00:21:29,66.94,-53.67,7.57,88,100,4.99
284,Maltahohe,NA,2020-01-05 00:21:29,-24.83,16.98,69.44,24,0,6.91
285,Shaunavon,CA,2020-01-05 00:21:30,49.65,-108.41,32.04,56,67,26.44
286,Iranshahr,IR,2020-01-05 00:21:30,27.21,60.69,60.8,59,0,4.16
287,Snasa,NO,2020-01-05 00:21:30,64.25,12.38,20.44,96,100,7.05
288,San Cristobal,HN,2020-01-05 00:21:30,14.68,-86.92,68.5,82,57,6.85
289,Broome,GB,2020-01-05 00:21:30,52.47,1.45,45.0,87,70,6.93
290,Hamilton,CA,2020-01-05 00:21:31,43.26,-79.87,36.0,81,75,13.87
291,Monki,PL,2020-01-05 00:21:31,53.41,22.8,35.01,100,100,11.65
292,Pevek,RU,2020-01-05 00:21:31,69.7,170.27,-5.53,64,0,2.95
293,Jacareacanga,BR,2020-01-05 00:21:31,-6.22,-57.76,74.39,88,65,0.87
294,Hithadhoo,MV,2020-01-05 00:21:32,-0.6,73.08,83.26,67,94,5.97
295,Santa Isabel Do Rio Negro,BR,2020-01-05 00:21:32,-0.41,-65.02,81.09,66,89,2.42
296,Curillo,CO,2020-01-05 00:21:32,1.03,-75.92,77.65,74,6,2.86
297,Lebu,ET,2020-01-05 00:21:32,8.96,38.73,55.4,66,20,4.7
298,Manono,CD,2020-01-05 00:21:33,-7.3,27.4,68.5,96,60,2.08
299,Lagos,NG,2020-01-05 00:18:19,6.46,3.39,71.6,78,71,5.82
300,Sinaloa,MX,2020-01-05 00:21:34,32.55,-115.28,71.6,19,40,1.99
301,Fougamou,GA,2020-01-05 00:21:34,-1.22,10.59,74.12,97,84,2.15
302,Hun,BE,2020-01-05 00:21:35,50.34,4.87,43.0,86,75,6.93
303,Prince Rupert,CA,2020-01-05 00:21:35,54.32,-130.32,41.0,80,75,11.41
304,Pratapgarh,IN,2020-01-05 00:21:36,25.92,82.0,54.05,80,31,5.53
305,Zabid,YE,2020-01-05 00:21:36,14.2,44.5,58.08,84,0,1.48
306,Graciano Sanchez,MX,2020-01-05 00:21:36,23.92,-99.28,68.0,24,75,1.12
307,Aranos,NA,2020-01-05 00:21:36,-24.14,19.11,77.43,48,33,14.38
308,Mehriz,IR,2020-01-05 00:21:37,31.58,54.44,39.2,100,90,4.7
309,Karratha,AU,2020-01-05 00:21:37,-20.74,116.85,84.87,70,72,23.22
310,Samagaltay,RU,2020-01-05 00:21:38,50.6,95.0,-7.71,88,89,1.95
311,Damietta,EG,2020-01-05 00:21:38,31.42,31.81,53.6,81,20,11.41
312,Heihe,RU,2020-01-05 00:21:38,50.24,127.51,-13.0,75,0,2.24
313,Concepcion Del Oro,MX,2020-01-05 00:21:38,24.63,-101.42,49.12,34,0,3.98
314,Vao,EE,2020-01-05 00:21:39,59.1,26.19,30.27,66,42,11.21
315,Necochea,AR,2020-01-05 00:21:39,-38.55,-58.74,71.26,66,30,6.2
316,Penalva,BR,2020-01-05 00:19:05,-3.29,-45.17,73.0,98,100,1.57
317,Nichinan,JP,2020-01-05 00:21:39,31.65,131.31,42.8,70,20,8.05
318,Solnechnyy,RU,2020-01-05 00:21:40,50.72,136.64,-8.16,81,0,2.06
319,Deputatskiy,RU,2020-01-05 00:21:40,69.3,139.9,-6.72,84,100,1.88
320,Vila,IT,2020-01-05 00:21:40,45.18,8.4,43.0,80,0,8.05
321,Tual,ID,2020-01-05 00:21:41,-5.67,132.75,83.25,78,100,14.12
322,Sayyan,YE,2020-01-05 00:21:41,15.17,44.32,53.85,84,0,4.32
323,Santa Rosa,AR,2020-01-05 00:21:41,-36.62,-64.29,72.57,71,59,17.34
324,Blagoyevo,RU,2020-01-05 00:21:42,63.37,47.92,26.92,93,100,6.49
325,Alyangula,AU,2020-01-05 00:21:42,-13.85,136.42,91.4,55,75,5.82
326,Tayirove,UA,2020-01-05 00:21:42,46.36,30.65,37.4,86,75,6.71
327,Vysha,RU,2020-01-05 00:21:43,53.85,42.38,29.84,93,100,8.57
328,Mangrol,IN,2020-01-05 00:21:43,25.33,76.51,51.08,72,14,1.92
329,Brae,GB,2020-01-05 00:21:43,60.4,-1.35,48.2,93,100,25.28
330,Aksha,RU,2020-01-05 00:21:43,50.28,113.29,6.19,79,66,1.52
331,San Patricio,PY,2020-01-05 00:21:44,-26.98,-56.83,78.03,52,11,4.59
332,Axim,GH,2020-01-05 00:21:44,4.87,-2.24,73.24,68,41,1.41
333,Oranjemund,ZA,2020-01-05 00:21:44,-28.55,16.43,58.19,98,20,2.46
334,Adria,IT,2020-01-05 00:21:44,45.05,12.06,39.2,93,3,3.36
335,Miyako,JP,2020-01-05 00:21:45,33.63,130.94,48.0,70,40,4.7
336,Roma,IT,2020-01-05 00:17:36,41.89,12.48,50.0,87,44,6.93
337,Oistins,BB,2020-01-05 00:19:17,13.07,-59.53,77.0,73,40,8.05
338,Mae Sot,MM,2020-01-05 00:21:45,16.71,98.57,66.2,93,20,2.04
339,Jiuquan,CN,2020-01-05 00:21:46,39.73,98.49,18.95,53,100,1.52
340,Denpasar,ID,2020-01-05 00:20:30,-8.65,115.22,84.2,89,40,13.87
341,Biak,ID,2020-01-05 00:21:46,-0.91,122.88,78.8,85,100,2.53
342,Kloulklubed,PW,2020-01-05 00:21:46,7.04,134.26,82.4,78,90,11.41
343,Douentza,ML,2020-01-05 00:21:47,15.01,-2.95,57.97,19,3,6.93
344,General Roca,AR,2020-01-05 00:21:47,-39.03,-67.58,80.6,34,0,5.55
345,Khorramshahr,IR,2020-01-05 00:21:47,30.43,48.18,51.8,87,61,6.93
346,Atocha,AR,2020-01-05 00:21:47,-24.82,-65.48,75.2,94,40,4.7
347,Ginda,IN,2020-01-05 00:21:48,30.69,78.49,30.61,72,0,5.46
348,Komsomolskiy,RU,2020-01-05 00:21:49,67.55,63.78,22.89,92,73,20.71
349,Alta Floresta,BR,2020-01-05 00:21:49,-9.87,-56.08,71.65,95,100,2.48
350,Picton,AU,2020-01-05 00:21:50,-34.17,150.61,81.0,64,75,20.8
351,Barrow,AR,2020-01-05 00:21:50,-38.31,-60.23,69.12,76,87,12.88
352,Nanton,CA,2020-01-05 00:17:34,50.35,-113.77,33.01,85,31,4.0
353,Mount Pleasant,US,2020-01-05 00:21:51,33.16,-94.97,53.6,34,1,1.25
354,Santa Cecilia,CR,2020-01-05 00:21:51,9.85,-84.31,75.2,60,20,9.17
355,Maloy,ID,2020-01-05 00:21:51,1.0,118.1,76.05,94,92,5.08
356,Saldanha,PT,2020-01-05 00:21:51,41.42,-6.55,36.23,87,1,3.29
357,Cooma,AU,2020-01-05 00:21:52,-36.24,149.13,53.6,40,90,14.99
358,Innisfail,AU,2020-01-05 00:21:52,-17.52,146.03,82.0,57,35,3.0
359,Lexington,US,2020-01-05 00:18:53,38.05,-84.5,37.99,86,90,16.11
360,Taupo,NZ,2020-01-05 00:21:52,-38.68,176.08,68.0,61,100,11.99
361,Yar-Sale,RU,2020-01-05 00:21:52,66.83,70.83,28.94,95,100,18.81
362,Alihe,CN,2020-01-05 00:21:53,50.57,123.73,0.09,91,50,3.91
363,Port Hardy,CA,2020-01-05 00:21:53,50.7,-127.42,41.0,93,75,8.05
364,Divo,CI,2020-01-05 00:21:53,5.83,-5.36,68.41,42,0,1.32
365,Umm Lajj,SA,2020-01-05 00:21:53,25.02,37.27,52.84,59,0,9.64
366,Shizunai,JP,2020-01-05 00:21:54,42.33,142.37,19.47,71,59,2.46
367,Svetlogorsk,RU,2020-01-05 00:21:30,53.14,59.15,21.2,85,40,22.37
368,Mahon,IE,2020-01-05 00:21:54,51.89,-8.4,48.0,100,75,17.22
369,Lovington,US,2020-01-05 00:21:54,32.94,-103.35,55.0,32,5,9.17
370,Panguna,PG,2020-01-05 00:21:54,-6.32,155.48,85.42,60,79,3.24
371,Saint-Augustin,CA,2020-01-05 00:21:55,45.63,-73.98,30.99,92,90,6.93
372,Tilichiki,RU,2020-01-05 00:21:55,60.47,166.1,-1.66,66,92,5.84
373,Matara,BI,2020-01-05 00:21:55,-3.48,29.48,57.25,91,28,2.59
374,Cap-Aux-Meules,CA,2020-01-05 00:21:55,47.38,-61.86,30.2,86,90,3.36
375,Huarmey,PE,2020-01-05 00:21:56,-10.07,-78.15,70.11,75,96,5.23
376,Prieska,ZA,2020-01-05 00:21:56,-29.67,22.74,73.45,15,0,6.24
377,Kungurtug,RU,2020-01-05 00:21:56,50.6,97.53,-5.6,88,15,2.37
378,Dortyol,TR,2020-01-05 00:21:57,36.86,36.23,46.4,100,75,2.24
379,Hay River,CA,2020-01-05 00:21:57,60.82,-115.79,6.8,84,90,18.34
380,Tamiahua,MX,2020-01-05 00:21:57,21.28,-97.45,67.3,57,0,11.01
381,Labuhan,ID,2020-01-05 00:21:57,-2.54,115.51,77.52,87,100,0.47
382,Bilibino,RU,2020-01-05 00:21:58,68.06,166.44,-4.49,50,0,1.99
383,Gidam,IN,2020-01-05 00:21:58,18.98,81.4,59.34,95,1,3.56
384,Xaxim,BR,2020-01-05 00:21:58,-26.96,-52.53,65.19,84,0,3.91
385,Eyl,SO,2020-01-05 00:21:58,7.98,49.82,77.41,83,45,19.22
386,Palanpur,IN,2020-01-05 00:21:59,24.17,72.44,57.27,49,0,7.2
387,Buta,CD,2020-01-05 00:21:59,2.79,24.73,70.88,62,100,2.73
388,Rassvet,RU,2020-01-05 00:21:59,49.11,45.47,29.23,93,11,11.01
389,Rantepao,ID,2020-01-05 00:21:59,-2.97,119.9,70.92,87,98,2.59
390,Tupiza,BO,2020-01-05 00:22:00,-21.44,-65.72,52.61,76,71,10.25
391,Hirara,JP,2020-01-05 00:22:00,24.8,125.28,69.8,73,20,9.17
392,Volketswil,CH,2020-01-05 00:22:00,47.39,8.69,39.2,93,90,3.36
393,Port Blair,IN,2020-01-05 00:17:05,11.67,92.75,81.34,74,83,11.16
394,Butte,US,2020-01-05 00:22:00,46.01,-112.54,32.0,46,1,11.41
395,Rumoi,JP,2020-01-05 00:22:01,43.93,141.67,14.0,92,75,5.82
396,Lusambo,CD,2020-01-05 00:22:01,-4.97,23.44,68.76,99,100,0.76
397,Nogliki,RU,2020-01-05 00:22:01,51.8,143.14,4.24,87,76,19.19
398,Raudeberg,NO,2020-01-05 00:22:02,61.99,5.14,39.2,69,99,19.46
399,Winston,US,2020-01-05 00:22:02,43.12,-123.41,50.0,57,1,4.7
400,Lewiston,US,2020-01-05 00:22:02,44.1,-70.21,35.01,98,90,3.36
401,Vavuniya,LK,2020-01-05 00:22:02,8.76,80.5,72.34,98,29,2.53
402,Turukhansk,RU,2020-01-05 00:22:03,65.8,87.96,10.45,93,100,12.93
403,Mnogovershinnyy,RU,2020-01-05 00:22:03,53.94,139.92,0.43,97,100,5.82
404,Huancavelica,PE,2020-01-05 00:22:03,-12.79,-74.97,39.24,77,100,9.6
405,Bom Jesus,BR,2020-01-05 00:22:03,-9.08,-44.36,70.45,91,100,1.3
406,Lalin,CN,2020-01-05 00:22:04,45.23,126.86,-2.2,84,62,6.71
407,Naestved,DK,2020-01-05 00:22:04,55.23,11.76,35.01,86,0,3.36
408,Yuzhno-Kurilsk,RU,2020-01-05 00:22:04,44.03,145.86,23.31,80,100,9.26
409,Gorodishche,RU,2020-01-05 00:22:04,53.27,45.7,33.01,75,100,10.83
410,Mahibadhoo,MV,2020-01-05 00:22:04,3.78,72.97,82.09,76,78,9.44
411,Bulgan,MN,2020-01-05 00:22:05,48.81,103.53,-0.11,84,67,6.58
412,Isangel,VU,2020-01-05 00:22:05,-19.55,169.27,84.2,62,40,14.99
413,Sungaipenuh,ID,2020-01-05 00:22:05,-2.08,101.38,64.65,97,99,2.59
414,Cobija,BR,2020-01-05 00:22:06,-11.02,-68.77,72.55,93,44,2.57
415,Kayasula,RU,2020-01-05 00:22:06,44.33,45.0,37.92,97,99,2.04
416,Cabo San Lucas,MX,2020-01-05 00:18:10,22.89,-109.91,75.99,64,5,5.82
417,Vestmanna,FO,2020-01-05 00:22:07,62.16,-7.17,46.4,100,100,9.17
418,Zaraza,VE,2020-01-05 00:22:07,9.35,-65.33,73.13,76,0,8.32
419,Aguililla,MX,2020-01-05 00:22:07,18.74,-102.79,63.25,58,63,2.68
420,Santa Vitoria Do Palmar,BR,2020-01-05 00:22:08,-33.52,-53.37,68.31,79,7,11.7
421,Santa Ana,MX,2020-01-05 00:22:08,30.54,-111.12,66.0,39,57,4.0
422,Baoding,CN,2020-01-05 00:22:08,38.86,115.49,27.32,80,96,5.99
423,Grand Forks,US,2020-01-05 00:22:08,47.91,-97.06,23.0,85,1,14.99
424,Kaeo,NZ,2020-01-05 00:22:09,-35.1,173.78,77.0,65,98,1.99
425,Revda,RU,2020-01-05 00:22:09,67.94,34.55,13.73,89,100,13.58
426,Wellington,NZ,2020-01-05 00:17:35,-41.29,174.78,64.0,67,100,27.51
427,Porto Novo,BR,2020-01-05 00:22:09,-23.68,-45.44,68.0,94,75,1.14
428,Leningradskiy,RU,2020-01-05 00:22:09,69.38,178.42,-9.65,63,17,1.3
429,Rome,IT,2020-01-05 00:22:10,41.89,12.48,50.0,87,44,6.93
430,Morehead,US,2020-01-05 00:22:10,38.18,-83.43,36.0,74,90,6.93
431,Nagamangala,IN,2020-01-05 00:22:10,12.82,76.75,66.58,71,42,0.83
432,Emerald,AU,2020-01-05 00:22:10,-23.53,148.16,84.99,42,17,8.05
433,Olga,US,2020-01-05 00:22:10,34.11,-118.17,69.8,45,1,3.36
434,Dunedin,NZ,2020-01-05 00:18:00,-45.87,170.5,60.01,66,100,25.99
435,Sept-Iles,CA,2020-01-05 00:17:51,50.2,-66.38,23.0,85,90,3.36
436,Adrar,DZ,2020-01-05 00:22:11,27.87,-0.29,44.6,36,49,9.17
437,Yurginskoye,RU,2020-01-05 00:22:11,56.82,67.39,19.6,93,100,8.39
438,Gloucester,GB,2020-01-05 00:18:56,51.87,-2.25,46.0,93,90,5.82
439,Cayhagan,PH,2020-01-05 00:22:12,9.67,122.43,79.23,75,0,15.05
440,Sambava,MG,2020-01-05 00:22:12,-14.27,50.17,72.41,97,80,1.68
441,Camacha,PT,2020-01-05 00:22:12,33.08,-16.33,62.6,82,40,5.82
442,Talnakh,RU,2020-01-05 00:22:13,69.49,88.39,3.2,77,40,26.84
443,Ngunguru,NZ,2020-01-05 00:22:13,-35.62,174.5,73.0,54,88,5.01
444,Tura,RU,2020-01-05 00:22:13,64.27,100.22,3.07,96,100,6.62
445,Virginia Beach,US,2020-01-05 00:19:29,36.85,-75.98,60.01,93,75,10.29
446,Saint-Joseph,FR,2020-01-05 00:22:13,43.56,6.97,50.0,93,0,3.36
447,Roald,NO,2020-01-05 00:22:14,62.58,6.12,39.2,60,87,11.41
448,Mayo,CA,2020-01-05 00:22:14,63.59,-135.9,-7.6,69,90,6.93
449,Esmeraldas,BR,2020-01-05 00:22:14,-19.76,-44.31,73.4,83,20,9.17
450,Punta Alta,AR,2020-01-05 00:22:14,-27.46,-55.82,75.2,88,20,5.82
451,Krasnyy Chikoy,RU,2020-01-05 00:22:15,50.36,108.75,6.48,86,100,1.97
452,Sosnovo-Ozerskoye,RU,2020-01-05 00:22:15,52.53,111.54,-0.85,91,65,5.66
453,Husavik,CA,2020-01-05 00:22:15,50.56,-96.99,26.01,93,100,5.99
454,Sao Filipe,CV,2020-01-05 00:22:15,14.9,-24.5,70.2,76,20,14.07
455,Las Palmas,CO,2020-01-05 00:22:16,9.27,-75.33,78.21,84,51,7.4
456,Sampit,ID,2020-01-05 00:22:16,-2.54,112.95,78.37,91,98,2.59
457,Boa Vista,BR,2020-01-05 00:22:16,2.82,-60.67,84.2,54,52,10.29
458,Mecca,SA,2020-01-05 00:22:16,21.43,39.83,62.46,57,96,9.93
459,Loa Janan,ID,2020-01-05 00:22:17,-0.58,117.09,76.32,92,91,3.11
460,Ketchikan,US,2020-01-05 00:22:17,55.34,-131.65,35.6,97,75,16.11
461,Bielsk Podlaski,PL,2020-01-05 00:22:18,52.77,23.19,35.01,88,100,5.99
462,Arlit,NE,2020-01-05 00:22:18,18.74,7.39,55.51,28,0,12.8
463,Malatya,TR,2020-01-05 00:22:18,38.35,38.32,33.8,98,90,5.82
464,Fords,US,2020-01-05 00:22:18,32.55,-93.0,55.4,57,1,3.49
465,Kisanga,CD,2020-01-05 00:22:19,-11.72,27.4,62.98,98,100,3.58
466,Hofn,IS,2020-01-05 00:22:19,64.25,-15.21,44.53,75,34,36.08
467,Duzce,TR,2020-01-05 00:22:19,40.84,31.16,34.83,77,43,4.27
468,Ahipara,NZ,2020-01-05 00:22:19,-35.17,173.16,77.0,65,100,1.99
469,Guerrero Negro,MX,2020-01-05 00:22:19,27.97,-114.04,68.41,31,0,8.05
470,Maunabo,PR,2020-01-05 00:22:20,18.01,-65.9,80.6,78,40,6.93
471,Sihora,IN,2020-01-05 00:22:20,23.49,80.11,50.67,88,0,2.89
472,Alofi,NU,2020-01-05 00:22:21,-19.06,-169.92,86.0,70,6,12.75
473,Samana,EC,2020-01-05 00:22:21,0.12,-76.97,86.0,66,20,5.82
474,Westerland,NL,2020-01-05 00:22:21,52.89,4.93,48.2,100,75,5.82
475,Obzor,BG,2020-01-05 00:22:21,42.82,27.88,39.2,64,97,3.36
476,Oktyabrskiy,RU,2020-01-05 00:22:21,55.61,37.97,35.01,80,75,6.71
477,Fortuna,US,2020-01-05 00:21:48,40.6,-124.16,52.0,71,20,10.29
478,Cedral,MX,2020-01-05 00:22:22,23.82,-100.72,52.12,27,0,4.54
479,Auburn,US,2020-01-05 00:18:41,44.1,-70.23,35.01,98,90,3.36
480,Vila Velha,BR,2020-01-05 00:22:23,-3.71,-38.6,86.0,78,83,4.7
481,Taonan,CN,2020-01-05 00:22:23,45.34,122.78,8.67,81,66,5.73
482,Asosa,ET,2020-01-05 00:22:23,10.07,34.53,65.71,41,6,4.23
483,Mairana,BO,2020-01-05 00:22:23,-18.12,-63.96,63.55,96,98,1.48
484,Zhezkazgan,KZ,2020-01-05 00:22:24,47.8,67.71,24.87,97,96,5.41
485,Sioux Lookout,CA,2020-01-05 00:22:24,50.1,-91.92,21.2,79,90,8.05
486,Petrovsk,RU,2020-01-05 00:22:24,52.31,45.39,31.42,95,100,14.9
487,Shenzhen,CN,2020-01-05 00:22:24,22.54,114.05,68.0,82,40,6.71
488,Takab,IR,2020-01-05 00:22:25,36.4,47.11,20.98,93,100,2.19
489,Palmeira,BR,2020-01-05 00:22:25,-25.43,-50.0,62.28,96,54,7.58
490,Sabinopolis,BR,2020-01-05 00:22:25,-18.67,-43.08,68.99,90,91,5.21
491,Manokwari,ID,2020-01-05 00:22:25,-0.87,134.08,76.08,83,100,3.09
492,Careiro Da Varzea,BR,2020-01-05 00:22:26,-3.2,-59.81,82.4,69,75,4.7
493,Lakes Entrance,AU,2020-01-05 00:22:26,-37.88,147.99,60.01,78,93,16.55
494,Garissa,KE,2020-01-05 00:22:26,-0.46,39.64,77.85,75,78,7.56
495,Magistralnyy,RU,2020-01-05 00:22:26,56.17,107.45,12.31,89,100,5.1
496,Salaverry,PE,2020-01-05 00:22:26,-8.22,-78.98,71.6,88,20,9.17
497,Padang,ID,2020-01-05 00:22:27,-0.92,100.36,69.58,89,85,5.99
498,Mendi,ET,2020-01-05 00:22:27,9.8,35.1,62.08,47,6,1.79
499,Vesoul,FR,2020-01-05 00:22:27,47.62,6.16,35.6,100,90,3.36
500,Zhenjiang,CN,2020-01-05 00:22:27,32.21,119.46,48.99,92,96,3.0
501,Bowmore,US,2020-01-05 00:22:28,34.94,-79.3,60.8,71,20,10.29
502,Yerbogachen,RU,2020-01-05 00:22:28,61.28,108.01,1.56,92,91,6.8
503,Kirovsk,RU,2020-01-05 00:22:28,67.62,33.66,7.57,93,31,6.98
504,Da Lat,VN,2020-01-05 00:21:18,11.95,108.44,53.67,61,100,3.42
505,Margate,AU,2020-01-05 00:22:29,-43.03,147.26,64.4,52,20,14.99
506,Buala,SB,2020-01-05 00:22:29,-8.15,159.59,84.6,76,89,10.22
507,Platanos,GR,2020-01-05 00:22:29,35.47,23.6,57.99,81,20,11.41
508,Acapulco,MX,2020-01-05 00:22:29,16.86,-99.88,82.4,78,40,4.7
509,Manggar,ID,2020-01-05 00:22:29,-2.88,108.27,81.82,80,72,19.51
510,Nadym,RU,2020-01-05 00:22:30,65.53,72.51,30.06,88,100,22.26
511,Dhekiajuli,IN,2020-01-05 00:22:30,26.71,92.48,56.91,95,16,4.0
512,Jiayuguan,CN,2020-01-05 00:22:30,39.77,98.29,22.75,42,100,7.34
513,Lahat,ID,2020-01-05 00:22:30,-3.78,103.55,69.28,98,98,1.14
514,Kirakira,SB,2020-01-05 00:22:30,-10.46,161.92,84.02,71,41,10.74
515,Souillac,FR,2020-01-05 00:22:31,45.6,-0.6,37.99,100,0,2.24
516,Holguin,CU,2020-01-05 00:22:31,20.89,-76.26,78.8,78,20,6.93
517,Salisbury,GB,2020-01-05 00:22:31,51.07,-1.8,45.0,93,90,5.82
518,Nantucket,US,2020-01-05 00:18:46,41.28,-70.1,46.99,93,90,3.36
519,Vredendal,ZA,2020-01-05 00:22:32,-31.68,18.49,60.44,94,10,10.65
520,Houma,CN,2020-01-05 00:22:32,35.63,111.36,32.86,99,100,1.88
521,Cove,US,2020-01-05 00:22:32,29.8,-94.84,63.0,44,1,2.46
522,Chapada Dos Guimaraes,BR,2020-01-05 00:22:32,-15.46,-55.75,84.2,58,40,2.24
523,Saint-Georges,CA,2020-01-05 00:21:46,46.12,-70.67,30.99,93,100,1.99
524,Youghal,IE,2020-01-05 00:22:33,51.95,-7.85,50.0,100,75,17.22
525,Riyadh,SA,2020-01-05 00:17:47,24.63,46.72,59.0,87,75,3.36
526,Graaff-Reinet,ZA,2020-01-05 00:22:33,-32.25,24.53,71.01,87,43,3.2
527,Inuvik,CA,2020-01-05 00:22:34,68.36,-133.71,-22.0,67,75,6.33
528,Alpena,US,2020-01-05 00:20:13,45.06,-83.43,32.0,86,90,4.7
529,Chelmno,PL,2020-01-05 00:22:34,53.35,18.43,35.01,68,13,9.17
530,Waipawa,NZ,2020-01-05 00:22:35,-39.94,176.59,66.99,55,62,11.99
531,Lydenburg,ZA,2020-01-05 00:22:35,-25.1,30.46,73.0,92,14,3.67
532,Luena,AO,2020-01-05 00:22:35,-11.78,19.91,62.44,95,100,3.4
533,Marsa Matruh,EG,2020-01-05 00:22:35,31.35,27.25,48.2,81,20,10.29
534,Itarema,BR,2020-01-05 00:22:35,-2.92,-39.92,78.13,85,81,4.68
535,Bacolod,PH,2020-01-05 00:22:36,10.68,122.95,78.49,75,0,8.59
536,Kulhudhuffushi,MV,2020-01-05 00:22:36,6.62,73.07,81.37,81,55,12.53
537,Juneau,US,2020-01-05 00:22:36,58.3,-134.42,28.99,86,75,4.07
538,Yumen,CN,2020-01-05 00:22:36,40.29,97.04,14.23,73,100,9.04
539,Seoul,KR,2020-01-05 00:22:27,37.57,126.98,30.2,86,1,0.25
540,Iskateley,RU,2020-01-05 00:22:37,67.68,53.15,26.38,87,100,34.18
541,Dongargaon,IN,2020-01-05 00:22:37,21.56,74.53,61.0,62,0,6.69
542,Tazovskiy,RU,2020-01-05 00:22:37,67.47,78.7,16.66,92,100,19.66
543,Nalut,LY,2020-01-05 00:22:37,31.86,10.98,45.28,42,0,3.87
544,Najran,SA,2020-01-05 00:22:37,17.54,44.22,69.8,28,0,4.7
545,Chauk,MM,2020-01-05 00:22:38,20.89,94.82,66.52,81,82,3.83
546,Matucana,PE,2020-01-05 00:22:38,-11.84,-76.39,52.77,92,100,3.83
547,Buluang,PH,2020-01-05 00:22:38,10.47,123.98,82.4,74,20,14.99
548,Saquena,PE,2020-01-05 00:22:38,-4.67,-73.52,79.03,74,45,3.4
549,Priyutnoye,RU,2020-01-05 00:22:38,46.1,43.51,33.01,10,74,7.0
550,Tashtagol,RU,2020-01-05 00:22:39,52.76,87.85,16.84,96,99,5.37
551,Kholm,AF,2020-01-05 00:22:39,36.69,67.7,35.6,69,5,5.82
552,Meulaboh,ID,2020-01-05 00:22:39,4.14,96.13,80.49,80,10,5.61
553,Piterka,RU,2020-01-05 00:22:39,50.68,47.44,25.32,88,93,11.05
